section,in_resume,title,institution,loc,start,end,description_1,description_2,description_3
education,True,Graduate Coursework,Arizona State University,Arizona,2026,2026,Coursework in data programming and reproducible reporting using R.,"Used GitHub, R Markdown, package development, and HTML report templates.","Built assignments around data cleaning, simulation, documentation, and automated reporting."
industry_positions,True,Field Service Engineer,ASM - EPI,Field Service,,Current,Manage EPI tool installation activities for ASM.,Coordinate the work needed to move tool installations through the installation process.,Work with technical teams during installation to keep the job organized and moving.
technical_projects,True,S550 Boost Controller,Independent Project,Texas,2026,2026,Built an Arduino based boost controller for a twin turbo 2019 Mustang GT.,"Used CAN data, RPM, speed, EEPROM, and a MAC 3-port solenoid to control boost by gear.","Built a Windows C# tuning program to read, edit, save, and upload controller settings."
technical_projects,True,Church Bible Presenter,Independent Project,Texas,2026,2026,Built a Windows application for displaying Spanish Bible verses on a projector.,"Added separate left and right page controls, masking, font controls, saved verses, and full screen output.",Added local caching so previously used verses can still be loaded offline.
technical_projects,True,Automotive Data Logging and Diagnostics,Independent Project,Texas,2026,2026,Reviewed HP Tuners logs from a modified 2019 Mustang GT to troubleshoot torque model and throttle issues.,"Compared RPM, speed, load, airflow, throttle, and other logged channels during testing.",Used the data to narrow down issues before making additional changes.
course_projects,True,Monty Hall R Package,Arizona State University,Arizona,2026,2026,Converted a Monty Hall simulation into an installable R package.,Added roxygen documentation and examples for each function.,Published the package to GitHub and tested installation directly from the repository.
course_projects,True,GitHub Pages Website,Arizona State University,Arizona,2026,2026,Customized a Jekyll GitHub Pages site and edited the site configuration and navigation.,"Added new pages, CSS changes, and a Liquid table layout.",Published the finished site through GitHub Pages.
course_projects,True,R Markdown Report Templates,Arizona State University,Arizona,2026,2026,Built an R Markdown report that creates profile cards from a data frame.,"Used a custom R function with paste0(), cat(), HTML tags, and Font Awesome icons.",Used a loop and CSS so the same layout could be reused for multiple records.
course_projects,True,Data Programming Labs,Arizona State University,Arizona,2026,2026,"Worked with vectors, factors, data frames, functions, loops, and simulations in R.",Cleaned and transformed text and data using simple reproducible scripts.,Used GitHub to organize and submit programming work.
